{"count":1,"self":32.3995008,"total":72.047455,"children":{"InitializeActuators":{"count":1,"self":0.0015019999999999999,"total":0.0015019999999999999,"children":null},"InitializeSensors":{"count":1,"self":0.00295,"total":0.00295,"children":null},"AgentSendState":{"count":62687,"self":0.087375,"total":0.292784,"children":{"CollectObservations":{"count":12797,"self":0.039511,"total":0.039511,"children":null},"WriteActionMask":{"count":12797,"self":0.0086629999999999988,"total":0.0086629999999999988,"children":null},"RequestDecision":{"count":12797,"self":0.023445999999999998,"total":0.15723499999999999,"children":{"AgentInfo.ToProto":{"count":12797,"self":0.035401999999999996,"total":0.133789,"children":{"GenerateSensorData":{"count":12797,"self":0.098387,"total":0.098387,"children":null}}}}}}},"DecideAction":{"count":62687,"self":38.8312928,"total":38.831292,"children":null},"AgentAct":{"count":62687,"self":0.509247,"total":0.509247,"children":null},"AgentInfo.ToProto":{"count":594,"self":0.001714,"total":0.006539,"children":{"GenerateSensorData":{"count":594,"self":0.0048249999999999994,"total":0.0048249999999999994,"children":null}}}},"gauges":{"Badminton_Shrink.CumulativeReward":{"count":594,"max":1.934726,"min":-0.4749997,"runningAverage":0.114363007,"value":-0.4749997,"weightedAverage":-0.0350680128}},"metadata":{"timer_format_version":"0.1.0","start_time_seconds":"1715121538","unity_version":"2022.3.7f1","command_line_arguments":"\/home\/mil\/yoshikawa\/ml_study\/RallySim\/low_level_training\/Badminton_Shrink_Revise-v4.x86_64 -nographics -batchmode --mlagents-port 5005","communication_protocol_version":"1.5.0","com.unity.ml-agents_version":"2.3.0-exp.3","scene_name":"Low_Level_2d_Distance","end_time_seconds":"1715121610"}}